{
	"format_version": "1.8.0",
	"animations": {
		"animation.dream_chestplate.standard": {
			"loop": true,
			"bones": {
				"Left_Wings": {
					"scale": {
						"vector": [0, 0, 0]
					}
				},
				"Right_Wings": {
					"scale": {
						"vector": [0, 0, 0]
					}
				}
			}
		},
		"animation.dream_chestplate.flying": {
			"loop": true,
			"animation_length": 1.33333,
			"bones": {
				"left_wing": {
					"rotation": {
						"0.0": {
							"vector": [16.58165, -13.19148, -33.19486]
						},
						"0.125": {
							"vector": [35.31302, 20.93925, -12.11787]
						},
						"0.5": {
							"vector": [24.46951, 45.19032, 83.52954],
							"easing": "easeOutQuad"
						},
						"0.8333": {
							"vector": [-7.88666, 20.22235, 55.38664],
							"easing": "easeInSine"
						},
						"1.3333": {
							"vector": [16.58165, -13.19148, -33.19486]
						}
					},
					"position": {
						"0.0": {
							"vector": [0, 0, 0]
						},
						"1.3333": {
							"vector": [0, 0, 0]
						}
					},
					"scale": {
						"0.0": {
							"vector": [1, 1, 1]
						},
						"1.3333": {
							"vector": [1, 1, 1]
						}
					}
				},
				"left_outer_wing": {
					"rotation": {
						"0.0": {
							"vector": [14.36668, -13.29682, -8.89567]
						},
						"0.5": {
							"vector": [0, 0, 0],
							"easing": "easeOutQuad"
						},
						"1.3333": {
							"vector": [14.36668, -13.29682, -8.89567],
							"easing": "easeInQuad"
						}
					},
					"position": {
						"vector": [0, 0, 0]
					},
					"scale": {
						"vector": [1, 1, 1]
					}
				},
				"chest2wing": {
					"rotation": {
						"0.0": {
							"vector": [-12.88466, -3.73366, -46.49302]
						},
						"0.5": {
							"vector": [-8.16482, 8.6185, 14.60682],
							"easing": "easeOutQuad"
						},
						"1.3333": {
							"vector": [-12.88466, -3.73366, -46.49302],
							"easing": "easeInQuad"
						}
					},
					"position": {
						"0.0": {
							"vector": [0.75, -0.7, 0]
						},
						"1.3333": {
							"vector": [0.75, -0.7, 0]
						}
					}
				},
				"right_wing": {
					"rotation": {
						"0.0": {
							"vector": [16.5817, 13.1915, 33.1949]
						},
						"0.125": {
							"vector": [35.31302, -20.9393, 12.1179]
						},
						"0.5": {
							"vector": [24.46951, -45.1903, -83.5295],
							"easing": "easeOutQuad"
						},
						"0.8333": {
							"vector": [-7.88666, -20.2224, -55.3866],
							"easing": "easeInSine"
						},
						"1.3333": {
							"vector": [16.5817, 13.1915, 33.1949]
						}
					}
				},
				"right_outer_wing": {
					"rotation": {
						"0.0": {
							"vector": [14.36668, 13.2968, 8.8957]
						},
						"0.5": {
							"vector": [0, 0, 0],
							"easing": "easeOutQuad"
						},
						"1.3333": {
							"vector": [14.36668, 13.2968, 8.8957],
							"easing": "easeInQuad"
						}
					}
				},
				"chest2wing2": {
					"rotation": {
						"0.0": {
							"vector": [-12.88466, 3.7337, 46.493]
						},
						"0.5": {
							"vector": [-8.16482, -8.6185, -14.6068],
							"easing": "easeOutQuad"
						},
						"1.3333": {
							"vector": [-12.88466, 3.7337, 46.493],
							"easing": "easeInQuad"
						}
					},
					"position": {
						"0.0": {
							"vector": [-0.75, -0.7, 0]
						},
						"1.3333": {
							"vector": [-0.75, -0.7, 0]
						}
					}
				}
			}
		}
	}
}